Laptop_Time,Time_ms,TGS2600_V,TGS2602_V,MQ4_V,TGS2611_V,TGS2620_V,TGS5042_V,MQ135_V,MQ2_V,Temp_C,Hum_%,Press_hPa
2026-10-04 22:41:08,430704,0.3221,1.7301,0.5297,0.9199,2.3468,-0.0017,2.1041,0.1991,0.00,0.00,0.00
2026-10-04 22:41:09,431704,0.3219,1.7297,0.5271,0.9204,2.3458,-0.0017,2.0893,0.1980,0.00,0.00,0.00
2026-10-04 22:41:10,432704,0.3218,1.7289,0.5265,0.9199,2.3449,-0.0017,2.0889,0.1971,0.00,0.00,0.00
2026-10-04 22:41:11,433704,0.3216,1.7280,0.5267,0.9189,2.3436,-0.0015,2.0822,0.1957,0.00,0.00,0.00
2026-10-04 22:41:12,434704,0.3212,1.7271,0.5269,0.9186,2.3421,-0.0017,2.0798,0.1952,0.00,0.00,0.00
2026-10-04 22:41:13,435704,0.3212,1.7265,0.5269,0.9186,2.3409,-0.0017,2.0794,0.1954,0.00,0.00,0.00
2026-10-04 22:41:14,436704,0.3212,1.7269,0.5256,0.9184,2.3409,-0.0017,2.0786,0.1954,0.00,0.00,0.00
2026-10-04 22:41:15,437704,0.3212,1.7272,0.5261,0.9178,2.3415,-0.0017,2.0766,0.1954,0.00,0.00,0.00
2026-10-04 22:41:16,438704,0.3212,1.7278,0.5261,0.9176,2.3419,-0.0017,2.0758,0.1952,0.00,0.00,0.00
2026-10-04 22:41:17,439704,0.3210,1.7284,0.5263,0.9171,2.3421,-0.0015,2.0747,0.1956,0.00,0.00,0.00
2026-10-04 22:41:18,440704,0.3208,1.7286,0.5267,0.9167,2.3421,-0.0017,2.0745,0.1954,0.00,0.00,0.00
2026-10-04 22:41:19,441704,0.3206,1.7289,0.5272,0.9165,2.3421,-0.0017,2.0736,0.1954,0.00,0.00,0.00
2026-10-04 22:41:20,442704,0.3206,1.7291,0.5272,0.9165,2.3419,-0.0017,2.0732,0.5661,0.00,0.00,0.00
2026-10-04 22:41:21,443704,0.5689,2.7178,0.5271,0.9285,2.4261,-0.0015,3.2379,1.5819,0.00,0.00,0.00
2026-10-04 22:41:22,444704,0.5899,2.7773,0.5276,0.9454,2.4999,-0.0015,3.0542,1.0089,0.00,0.00,0.00
2026-10-04 22:41:23,445704,0.5822,2.7664,0.5291,0.9459,2.5144,-0.0015,2.9505,0.7688,0.00,0.00,0.00
2026-10-04 22:41:24,446704,0.5700,2.7482,0.5297,0.9399,2.5236,-0.0015,2.8596,0.6266,0.00,0.00,0.00
2026-10-04 22:41:25,447704,0.5559,2.7240,0.5304,0.9349,2.5266,-0.0015,2.8058,0.5374,0.00,0.00,0.00
2026-10-04 22:41:26,448704,0.5411,2.6942,0.5316,0.9311,2.5211,-0.0015,2.7684,0.4811,0.00,0.00,0.00
2026-10-04 22:41:27,449704,0.5265,2.6631,0.5319,0.9285,2.5116,-0.0015,2.7443,0.4427,0.00,0.00,0.00
2026-10-04 22:41:28,450704,0.5126,2.6312,0.5346,0.9262,2.5007,-0.0015,2.7278,0.4121,0.00,0.00,0.00
2026-10-04 22:41:29,451704,0.4993,2.5989,0.5357,0.9246,2.4906,-0.0015,2.7056,0.3831,0.00,0.00,0.00
2026-10-04 22:41:30,452704,0.4869,2.5695,0.5372,0.9231,2.4806,-0.0015,2.6794,0.3606,0.00,0.00,0.00
2026-10-04 22:41:31,453704,0.4757,2.5417,0.5389,0.9225,2.4703,-0.0015,2.6529,0.3413,0.00,0.00,0.00
2026-10-04 22:41:32,454704,0.4654,2.5127,0.5411,0.9221,2.4600,-0.0015,2.6318,0.3263,0.00,0.00,0.00
2026-10-04 22:41:33,455704,0.4562,2.4831,0.5408,0.9212,2.4502,-0.0015,2.6164,0.3142,0.00,0.00,0.00
2026-10-04 22:41:34,456704,0.4479,2.4553,0.5406,0.9212,2.4411,-0.0015,2.6057,0.3060,0.00,0.00,0.00
2026-10-04 22:41:35,457704,0.4408,2.4293,0.5408,0.9208,2.4336,-0.0015,2.5942,0.3002,0.00,0.00,0.00
2026-10-04 22:41:36,458704,0.4339,2.4051,0.5400,0.9204,2.4270,-0.0015,2.5813,0.2944,0.00,0.00,0.00
2026-10-04 22:41:37,459704,0.4279,2.3816,0.5406,0.9199,2.4216,-0.0015,2.5678,0.2880,0.00,0.00,0.00
